{
  "providers": {
    "awscloudformation": {
      "AuthRoleName": "amplify-evattendance-dev-5bc13-authRole",
      "UnauthRoleArn": "arn:aws:iam::163059304400:role/amplify-evattendance-dev-5bc13-unauthRole",
      "AuthRoleArn": "arn:aws:iam::163059304400:role/amplify-evattendance-dev-5bc13-authRole",
      "Region": "ap-northeast-2",
      "DeploymentBucketName": "amplify-evattendance-dev-5bc13-deployment",
      "UnauthRoleName": "amplify-evattendance-dev-5bc13-unauthRole",
      "StackName": "amplify-evattendance-dev-5bc13",
      "StackId": "arn:aws:cloudformation:ap-northeast-2:163059304400:stack/amplify-evattendance-dev-5bc13/b3de00c0-bc03-11f0-a1c1-0a4e75d4f24b",
      "AmplifyAppId": "d23wztbnid7cnq"
    }
  },
  "auth": {
    "evattendance256b9879": {
      "service": "Cognito",
      "providerPlugin": "awscloudformation",
      "dependsOn": [],
      "customAuth": false,
      "frontendAuthConfig": {
        "socialProviders": [],
        "usernameAttributes": [],
        "signupAttributes": [
          "EMAIL"
        ],
        "passwordProtectionSettings": {
          "passwordPolicyMinLength": 8,
          "passwordPolicyCharacters": []
        },
        "mfaConfiguration": "OFF",
        "mfaTypes": [
          "SMS"
        ],
        "verificationMechanisms": [
          "EMAIL"
        ]
      },
      "providerMetadata": {
        "s3TemplateURL": "https://s3.amazonaws.com/amplify-evattendance-dev-5bc13-deployment/amplify-cfn-templates/auth/evattendance256b9879-cloudformation-template.json",
        "logicalId": "authevattendance256b9879"
      },
      "lastPushTimeStamp": "2025-11-08T10:40:58.917Z",
      "output": {
        "UserPoolId": "ap-northeast-2_SExWRqKCB",
        "AppClientIDWeb": "3uu6es7qngvimrrotsp0cfm5ik",
        "AppClientID": "2b0nlu3n5o21v9m0oshfg4jsoc",
        "IdentityPoolId": "ap-northeast-2:fb8e97c1-a7f5-4b76-b18d-1e12aa4e973e",
        "UserPoolArn": "arn:aws:cognito-idp:ap-northeast-2:163059304400:userpool/ap-northeast-2_SExWRqKCB",
        "IdentityPoolName": "evattendance256b9879_identitypool_256b9879__dev",
        "UserPoolName": "evattendance256b9879_userpool_256b9879"
      },
      "lastPushDirHash": "3wZFYEc4vd+AMKK7nopnJ8s+PqQ="
    }
  },
  "api": {
    "evattendance": {
      "service": "AppSync",
      "providerPlugin": "awscloudformation",
      "dependsOn": [
        {
          "attributes": [
            "UserPoolId"
          ],
          "category": "auth",
          "resourceName": "evattendance256b9879"
        }
      ],
      "output": {
        "authConfig": {
          "defaultAuthentication": {
            "authenticationType": "AMAZON_COGNITO_USER_POOLS",
            "userPoolConfig": {
              "userPoolId": "authevattendance256b9879"
            }
          },
          "additionalAuthenticationProviders": [
            {
              "authenticationType": "API_KEY",
              "apiKeyConfig": {
                "apiKeyExpirationDays": 30,
                "apiKeyExpirationDate": "2025-12-08T10:30:28.947Z",
                "description": "dev-key"
              }
            }
          ]
        },
        "GraphQLAPIIdOutput": "3ozlrdq2pvesbe2mcnxgs5e6nu",
        "GraphQLAPIEndpointOutput": "https://aiat7vjfzngx5cyqckc3d5r4dy.appsync-api.ap-northeast-2.amazonaws.com/graphql",
        "GraphQLAPIKeyOutput": "da2-jrxsa76kgzhsfberepd77gznie"
      },
      "providerMetadata": {
        "s3TemplateURL": "https://s3.amazonaws.com/amplify-evattendance-dev-5bc13-deployment/amplify-cfn-templates/api/cloudformation-template.json",
        "logicalId": "apievattendance"
      },
      "lastPushTimeStamp": "2025-11-08T10:40:59.147Z",
      "lastPushDirHash": "rY/w0ycgrBVdCXKirvWiIjfRBig="
    }
  }
}